FILENAME;ID
test0001.pdf;0001
test0002.pdf;0002
test0003.pdf;0003
test0004.pdf;0004
test0005.pdf;0005
test0006.pdf;0006
test0007.pdf;0007
test0008.pdf;0008
test0009.pdf;0009
test0010.pdf;0010
test0011.pdf;0011
test0012.pdf;0012
test0013.pdf;0013
test0014.pdf;0014
test0015.pdf;0015
test0016.pdf;0016
test0017.pdf;0017
test0018.pdf;0018
test0019.pdf;0019
test0020.pdf;0020
test0021.pdf;0021
test0022.pdf;0022
test0023.pdf;0023
test0024.pdf;0024
test0025.pdf;0025
test0026.pdf;0026
test0027.pdf;0027
test0028.pdf;0028
test0029.pdf;0029
test0030.pdf;0030
test0031.pdf;0031
test0032.pdf;0032
test0033.pdf;0033
test0034.pdf;0034
test0035.pdf;0035
test0036.pdf;0036
test0037.pdf;0037
test0038.pdf;0038
test0039.pdf;0039
test0040.pdf;0040
test0041.pdf;0041
test0042.pdf;0042
test0043.pdf;0043
test0044.pdf;0044
test0045.pdf;0045
test0046.pdf;0046
test0047.pdf;0047
test0048.pdf;0048
test0049.pdf;0049
test0050.pdf;0050
test0051.pdf;0051
test0052.pdf;0052
test0053.pdf;0053
test0054.pdf;0054
test0055.pdf;0055
test0056.pdf;0056
test0057.pdf;0057
test0058.pdf;0058
test0059.pdf;0059
test0060.pdf;0060
test0061.pdf;0061
test0062.pdf;0062
test0063.pdf;0063
test0064.pdf;0064
test0065.pdf;0065
test0066.pdf;0066
test0067.pdf;0067
test0068.pdf;0068
test0069.pdf;0069
test0070.pdf;0070
test0071.pdf;0071
test0072.pdf;0072
test0073.pdf;0073
test0074.pdf;0074
test0075.pdf;0075
test0076.pdf;0076
test0077.pdf;0077
test0078.pdf;0078
test0079.pdf;0079
test0080.pdf;0080
test0081.pdf;0081
test0082.pdf;0082
test0083.pdf;0083
test0084.pdf;0084
test0085.pdf;0085
test0086.pdf;0086
test0087.pdf;0087
test0088.pdf;0088
test0089.pdf;0089
test0090.pdf;0090
test0091.pdf;0091
test0092.pdf;0092
test0093.pdf;0093
test0094.pdf;0094
test0095.pdf;0095
test0096.pdf;0096
test0097.pdf;0097
test0098.pdf;0098
test0099.pdf;0099
test0100.pdf;0100